id,city,title,company,money
1,北京,Python开发工程师,猎户星空,26500
2,北京,服务器端开发工程师（Python/Go）,字节跳动,37500
3,北京,Python开发工程师-变现业务,字节跳动,32500
4,北京,Python工程师,贝壳,30000
5,北京,Python开发工程师,清交科技,30000
6,北京,软件工程师(Python),梅卡曼德,27500
7,北京,高级后端开发工程师（python),GeneDock,30000
8,北京,Python开发工程师,一方量化,15000
9,北京,python开发工程师,明日虫洞,22500
10,北京,高级python开发工程师,音娱时光,35000
11,北京,Python开发工程师,老虎集团,30000
12,北京,python开发工程师,小冰,20000
13,北京,Python后端开发工程师,小冰,20000
14,北京,python研发工程师,知网,12500
15,北京,python工程师,生仝智能,25500
16,北京,Python Web开发工程师,缔联科技,19000
17,北京,Python开发工程师（web端开发经验）,缔联科技,19000
18,北京,python 开发工程师 （业务风控）,知乎,22500
19,北京,python后端工程师（AI方向）,汉熵通信有限公司,15000
20,北京,Python开发工程师---0201,视野金融,20000
21,北京,Python数据处理开发工程师-0301,视野金融,12500
22,北京,Python后端开发工程师（应用开发方向）BJ,MRS,17500
23,北京,高级python开发工程师,云杉智达科技,25000
24,北京,python开发工程师,LinkSteady,20000
25,北京,python数据工程师,LinkSteady,25000
26,北京,python研发工程师,数制科技,22500
27,北京,Python高级工程师（技术平台）,一起教育科技,37500
28,北京,python开发工程师-机器人,Aibee,22500
29,北京,python爬虫工程师,美住,22500
30,北京,Python开发工程师,音悦荚,22500
31,北京,Python 高级开发工程师,墨云科技,37500
32,北京,Python 开发工程师,墨云科技,30000
33,北京,Python全栈工程师,Base FX,20000
34,北京,python工程师,哈里伯顿中国,15000
35,北京,Python开发工程师,Games Vessel,22500
36,北京,python开发工程师,区块节点,20000
37,北京,python开发工程师,云势软件,21500
38,北京,高级python开发工程师,果壳,30000
39,北京,python开发工程师,果壳,17000
40,北京,python后端研发工程师,LBE 科技,27500
41,北京,PHP/Python开发工程师,金山云,30000
42,北京,Python后端工程师,云势软件,21500
43,北京,后端开发工程师（python),GeneDock,22500
44,北京,python开发工程师(J13256),新东方,20000
45,北京,python开发工程师(J13256),新东方,20000
46,北京,python开发工程师,CDS,17500
47,北京,性能测试工程师（会python),水墨然,25000
48,北京,自动化测试工程师（会python),水墨然,25000
49,北京,python高级开发工程师,中科睿见,20000
50,北京,python开发工程师（微信公众号、小程序方向）,中科睿见,20000
51,北京,python后端开发工程师,太初弈宪,18500
52,北京,c++/python/golang工程师,OKAY智慧教育,30000
53,北京,python工程师,窄门集团,20000
54,北京,Python开发工程师,博派通达,22500
55,北京,python开发工程师,中科世通亨奇,20500
56,北京,高级python后端工程师,蓝湖,45000
57,北京,Python开发工程师,小叶子The ONE,25000
58,北京,Python研发工程师,乐我无限,24000
59,北京,python开发工程师,扬赛信息,12500
60,北京,python开发工程师,第三石科技,19000
61,北京,Python开发工程师,第三石科技,27000
62,北京,Python测试开发工程师（偏开发）,Dilato,15000
63,北京,高级python开发工程师,无极慧通,12500
64,北京,测试工程师（会python),尔湾科技,22500
65,北京,python开发工程师（北京）,柏睿数据,19000
66,北京,分布式研发工程师（Python）,柏睿数据,19000
67,北京,软件工程师（Python/PHP/Java）,ZingFront智线,15500
68,北京,Python开发工程师,ZingFront智线,16000
69,北京,python研发工程师,国美金控,35000
70,北京,python开发工程师,微步在线,20000
71,北京,Python爬虫与数据工程师,越博华阳商务服务,20000
72,北京,python开发工程师,爱数智慧,11500
73,北京,Python后端开发工程师,旷视MEGVII,37500
74,北京,python开发工程师,北京智胜新格科技有限...,15000
75,北京,python开发工程师,360,22500
76,北京,Python开发工程师,360,37500
77,北京,Python测试开发工程师（偏开发）,灵动音,26500
78,北京,高级python开发工程师,达观数据,20000
79,北京,测试工程师（会python),逍遥志科技,37500
80,北京,python开发工程师（北京）,派盾信安,32500
81,北京,分布式研发工程师（Python）,音娱时光,22500
82,北京,软件工程师（Python/PHP/Java）,北京极睿科技有限责任公司,30000
83,北京,Python开发工程师,微创软件,14000
84,北京,python研发工程师,安信天行,16000
85,北京,python开发工程师,微创软件,14000
86,北京,Python爬虫与数据工程师,新浪网,27000
87,北京,python开发工程师,北京理享家,20000
88,北京,Python后端开发工程师,旷视MEGVII,30000
89,北京,python开发工程师,武汉佰钧成技术有限责任公司,16000
90,北京,python开发工程师,格上添富,13500
91,北京,python开发工程师,Gridsum 国双,15000
92,北京,资深python开发工程师,Gridsum 国双,25000
93,北京,python工程师,新华互联,15000
94,北京,Python开发工程师,寄云科技,25000
95,北京,高级python开发工程师,科迈,17000
96,北京,python开发工程师,学堂在线,20000
97,北京,后端研发工程师（java/python）,感易智能,22500
98,北京,python开发工程师,在行,17000
99,北京,网络测绘python研发工程师,中科院信工所,8500
100,北京,python爬虫与数据工程师,百观Lab,14000
101,广州,量化开发工程师（Python）,经传多赢,10500
102,广州,python开发工程师,嘉煌文化传播,13500
103,广州,Python开发工程师,妈妈网,15000
104,广州,python开发工程师,蜂擎科技,14000
105,广州,python开发工程师,快决测,13500
106,广州,Python高级软件工程师,英荔教育,13500
107,广州,python工程师,瑞云网络,15000
108,广州,python爬虫工程师,Oneway.mobi,12500
109,广州,PTBU-后端开发工程师（python),酷狗音乐,27500
110,广州,python工程师,蓝盾信息安全技术股份有限公司,19000
111,广州,Python服务端开发工程师 - 战略研究中心20,网易,17000
112,广州,Python服务端开发工程师 - 游戏应用与平台发,网易,30000
113,广州,客户端开发工程师（C++/Python）,智品网络,21500
114,广州,Python数据工程师,数立方,18000
115,广州,python爬虫工程师,高考直通车,12000
116,广州,Python开发工程师（数据开发方向）,360,20000
117,广州,Python,富力地产,20000
118,广州,Python爬虫工程师(J10205),中康资讯,21500
119,广州,高级Python工程师（爬虫）(J10059),中康资讯,20000
120,广州,Python后端开发工程师,咪佰科技,10000
121,广州,编程猫少儿编程教师（Python方向）,编程猫,10000
122,广州,python开发工程师,一花互动,10000
123,广州,Python高级开发工程师,Arts Alliance Media（中国）,20500
124,广州,python后端工程师,广州昕康,4500
125,广州,Python开发工程师,多益网络,14000
126,广州,Python后端高级开发工程师,德恒科技,20000
127,广州,Python实习生,云趣科技,2500
128,广州,cc直播/藏宝阁-服务端开发工程师（python/Java/c++）,拉勾猎头,22500
129,广州,技术中心-python开发工程师,拉勾猎头,20000
130,广州,Python开发工程师,广东紫晶,11000
131,广州,python爬虫工程师,万联,22500
132,广州,软件工程师（Python）,京信通信,12500
133,广州,python开发工程师,天地网通,11000
134,广州,python教员,百捷教育投资,9000
135,广州,python开发 - 实习生,51JOB-图灵科技,3000
136,广州,Python开发工程师,广东紫晶,11500
137,广州,python后端开发工程师,张量信息,6500
138,广州,Python数据工程师（中级）,鸿蒙科技,10000
139,广州,Python数据工程师（初级）,鸿蒙科技,7000
140,广州,Python开发工程师,悦谦科技,22500
141,广州,python开发工程师,中科汇,11000
142,广州,Python 后台研发工程师,影子科技,24000
143,广州,Python工程师,瑞云网络,15000
144,广州,python工程师,字言智语,1500
145,广州,Python开发工程师,MUN-U,11500
146,广州,Python开发工程师,易度网络,9000
147,广州,python后台开发工程师,探迹科技,16000
148,广州,python爬虫工程师,儒韵,8500
149,广州,python开发工程师,京信通信,11500
150,广州,python程序工程师,小米加步枪,17000
151,广州,python工程师,医昊网络,8000
152,广州,python开发工程师,广州三顾,11500
153,广州,Python实习生,特赛投资管理合伙企业,2500
154,广州,python开发工程师,派客朴食,11500
155,广州,python后端开发工程师,健康互联,12500
156,广州,后端开发工程师（Python）,武汉有天健身有限公司,20000
157,广州,Python开发工程师,广州市云润大数据,11500
158,广州,python开发工程师,广州亿联百汇科技有限公司,9500
159,广州,Python研发工程师,浙大华南院,15000
160,广州,Python工程师,易工作,8000
161,广州,Python开发工程师,中思拓大数据研究院,19000
162,广州,python后台开发工程师,中康资讯,17500
163,广州,python爬虫工程师,中康资讯,15000
164,广州,python开发工程师,网易,20000
165,广州,python程序工程师,网易,22500
166,广州,python工程师,德惟科技,12000
167,广州,python开发工程师,博维,24000
168,广州,Python实习生,创拓信息,2500
169,广州,python开发工程师,创拓信息,2500
170,广州,python后端开发工程师,璟泓医疗,20000
171,广州,后端开发工程师（Python）,金山办公软件,24000
172,广州,Python开发工程师,超悦文化,4500
173,广州,python开发工程师,妙小程少儿编程,10000
174,广州,Python研发工程师,宜华科技,15000
175,广州,Python工程师,广东人民出版社,8500
176,广州,高级讲师（Python方向）,广东人民出版社,13500
177,广州,python爬虫,头文科技,9500
178,广州,后台开发工程师（中级/高级/资深）-有owner职责,字节跳动,45000
179,广州,后端开发工程师—saas,字节跳动,30000
180,广州,【新加坡】高级软件工程师：技术平台,Shopee,45000
181,广州,测试工程师,顺畅科技,9500
182,广州,测试工程师,播种网,7000
183,广州,测试开发工程师,点云科技,22500
184,广州,数据挖掘工程师--联通沃音乐,易杰,17000
185,广州,数据仓库-ETL工程师--联通沃音乐项目,易杰,15000
186,广州,测试工程师,慧博云通,12000
187,广州,技术经理,探迹科技,35000
188,广州,资深后台开发工程师,探迹科技,30000
189,广州,中级PHP开发工程师,深海游戏,13500
190,广州,高级php开发工程师,深海游戏,18000
191,广州,测试工程师,一手,11500
192,广州,资深运维开发工程师,本原网络,30000
193,广州,金融催收数据分析师,唯品会,15000
194,广州,爬虫工程师,至真科技,12500
195,广州,sre运维工程师,至真科技,8500
196,广州,运维开发,爱员工,22500
197,广州,高级数据开发工程师,Mobvista,20000
198,广州,高级测试工程师,Mobvista,15000
199,广州,高级增长产品经理,翡翠东方TVBC,27500
200,广州,数据产品经理,翡翠东方TVBC,32500
201,上海,高级后端开发工程师（Python）,字节跳动,37500
202,上海,服务端开发工程师（Python）,字节跳动,30000
203,上海,python开发工程师,网达软件,15000
204,上海,资深Python开发工程师,Netis,30000
205,上海,联邦学习算法工程师/Python高级工程师,光点科技,12000
206,上海,Python 后端开发工程师,大亲家,30000
207,上海,python开发工程师G00345,谷露软件,30000
208,上海,Python 后端开发工程师,大亲家,22500
209,上海,Python后端开发工程师SH,通联数据,15000
210,上海,1131BN-python运维开发工程师,平安科技,20000
211,上海,后端工程师（Python/Golang）,赛舵智能,30000
212,上海,奇秀-Python后端研发工程师--3532,爱奇艺,27500
213,上海,python后端工程师,问卷网@爱调研,17000
214,上海,Python后端开发工程师（应用开发方向）,MRS,22500
215,上海,python高级开发工程师,问卷网@爱调研,22500
216,上海,Python高级开发工程师,Student.com,22500
217,上海,python开发工程师,Student.com,15000
218,上海,python开发工程师,合阔信息,20000
219,上海,Python开发工程师,BaseBit AI 翼方健数,16000
220,上海,python后台开发工程师,众标智能科技,15000
221,上海,python工程师,TCL,22500
222,上海,python开发工程师,丰贺信息,20000
223,上海,python开发工程师,栖盟科技,22500
224,上海,python爬虫工程师,我查查,20000
225,上海,服务应用工程师（python）(J11725),TapTap,25000
226,上海,python开发工程师,微创软件,15500
227,上海,Python后端开发工程师,坚果云,30000
228,上海,高级python工程师,长投学堂,23000
229,上海,python算法工程师（杨浦）,策推信息,18000
230,上海,Python开发工程师（研发效率方向）,字节跳动,37500
231,上海,Python工程师(大数据方向）,字节跳动,32500
232,上海,python开发工程师,平安金服,27000
233,上海,python开发工程师,得物App,30000
234,上海,Python数据开发工程师,平安金服,30000
235,上海,后台开发工程师（C#/.NET/Python),微创软件,16000
236,上海,Python开发工程师2021届,通联数据,11500
237,上海,python开发工程师,奥途网络,16000
238,上海,Python 应用开发工程师,沪万智能科技,12500
239,上海,python高级爬虫工程师,新浪微舆情,17500
240,上海,python爬虫工程师,新浪微舆情,12000
241,上海,Python开发工程师,清鹤科技,14000
242,上海,python开发工程师,普元,15000
243,上海,python开发工程师,神之马,12500
244,上海,python测试开发工程师,微创软件,17500
245,上海,python实施工程师,达观数据,11000
246,上海,游戏Python开发工程师（Ruby开发）,分众游戏,21500
247,上海,资深Python开发工程师,易居中国,27500
248,上海,Python爬虫工程师,易居克而瑞,15000
249,上海,Python高级开发工程师,NextTao 互道信息,30000
250,上海,Python工程师,NextTao 互道信息,16500
251,上海,Python高级工程师,易居克而瑞,22500
252,上海,python研发工程师,证通股份,16000
253,上海,Python下单机器人工程师（Selenium方向,别样app,15000
254,上海,Python爬虫工程师(Selenium方向),别样app,15000
255,上海,资深Python开发工程师,Netis,30000
256,上海,python工程师,小象优品,20000
257,上海,高级python开发工程师,快仓智能仓储,22500
258,上海,高级Python开发工程师,CloudChef,22500
259,上海,Python工程师,乐言科技,21000
260,上海,Python开发工程师,CloudChef,15000
261,上海,python开发工程师,淘利资产管理,18000
262,上海,python运维开发工程师,快乐种子,17000
263,上海,高级python开发工程师,上海爱数,21500
264,上海,Python服务端研发工程师,一起长大,16000
265,上海,python爬虫工程师,谆视网络,6500
266,上海,python后端开发高级工程师,Lenovo NetApp,22500
267,上海,python开发工程师,合胜科技,7000
268,上海,Python全栈开发工程师,Learning Tribes,18000
269,上海,Python/Go/C++研发工程师（上海）,百度,30000
270,上海,python开发工程师,九鞅科技,15000
271,上海,python开发工程师,百联全渠道电商,20000
272,上海,Python开发工程师,特赞|Tezign,25000
273,上海,python开发工程师,NextTao 互道信息,22000
274,上海,资深python开发工程师,圆通,20000
275,上海,python运维开发工程师,圆通,27500
276,上海,高级Python开发工程师,叽里呱啦,27500
277,上海,Python 后端开发工程师,LeetCode 领扣网络,17000
278,上海,Python数据开发工程师,DotC United Group,15000
279,上海,Python高级开发工程师,易路,23000
280,上海,Python中级开发工程师,易路,15000
281,上海,广告平台开发工程师（Python/Go）,触宝,22500
282,上海,后端开发工程师（Python/Java）,触宝,20000
283,上海,Python开发工程师/架构师,千寻位置,37500
284,上海,2021校招-Python开发工程师,千寻位置,22500
285,上海,python开发工程师,商汤科技,30000
286,上海,python后端开发工程师,Garena,21500
287,上海,高级Python后端工程师,设计院,18500
288,上海,Python开发工程师,携程集团,22500
289,上海,Python后端工程师,海钻网络,27500
290,上海,研发工程师（Ruby/PHP/Python）,RCC上海分公司,12500
291,上海,python开发工程师（运维研发与自动化）,携程集团,25500
292,上海,Python开发工程师,信易科技,15000
293,上海,Python开发工程师,有个机器人,30000
294,上海,高级系统研发工程师(Golang或Python）,有个机器人,26500
295,上海,python后端开发工程师,赢谊科技,17500
296,上海,Python Web工程师,担路网,11500
297,上海,python后端开发工程师,Flexiv Robotics,22500
298,上海,python算法工程师,上海江煦信息科技,11500
299,上海,Python 工程师,贞历,11500
300,上海,python开发工程师,西部证券,20000
301,深圳,Python开发工程师-金融业务,Shopee,25000
302,深圳,Python 工程师,AfterShip,17500
303,深圳,python后台开发工程师（风控方向）(J10797),AKULAKU,25000
304,深圳,高级 Python 工程师,AfterShip,30000
305,深圳,Python 工程师（数据平台方向）,一面数据,15000
306,深圳,Python爬虫工程师,一面数据,15000
307,深圳,python开发工程师,普特生物医学,16500
308,深圳,python开发工程师,盛迪嘉支付,20000
309,深圳,全栈开发工程师（偏PYTHON后端）,金证股份,20000
310,深圳,python开发工程师,威尔视觉,26500
311,深圳,资讯与社区-Python后台开发工程师,富途,22500
312,深圳,银行业务后台开发工程师-Python,富途,21000
313,深圳,高级python工程师,美图公司,22500
314,深圳,Python开发工程师---0401,视野金融,20000
315,深圳,Python后台开发工程师,小步网络,22500
316,深圳,python后端开发工程师,十方融海集团,10000
317,深圳,python开发工程师,博悦科创,12500
318,深圳,python后端开发工程师,阿卡索外教网,22500
319,深圳,python开发工程师,茂源资本,26500
320,深圳,python高级开发工程师,茂源资本,30000
321,深圳,Python开发工程师 (MJ000111),MICO,20000
322,深圳,python web开发工程师,傲冠软件,15000
323,深圳,招Python开发工程师,博悦科创,12000
324,深圳,Python开发工程师,光逸,17500
325,深圳,python开发工程师,维堰服务,11500
326,深圳,Python开发工程师,金蝶账无忧,15000
327,深圳,全栈开发工程师（偏PYTHON后端）,金证股份,10000
328,深圳,python后台开发工程师,万科,22500
329,深圳,python工程师,畅销家,18000
330,深圳,python开发工程师,创想三维,17500
331,深圳,Python后台开发工程师,松茂科技,16000
332,深圳,python工程师,紫川软件,16000
333,深圳,python开发工程师,深信服科技集团,22500
334,深圳,python开发工程师,易博天下,25500
335,深圳,python爬虫工程师,慧科讯业,20000
336,深圳,Python后台开发工程师,立新出行,22500
337,深圳,Python高级开发/爬虫工程师,深圳华秋电子有限公司,16500
338,深圳,Python后端开发工程师,Gridsum 国双,22500
339,深圳,python爬虫工程师,世嘉传媒,20000
340,深圳,Python 开发工程师,永安在线,12500
341,深圳,高级python开发工程师,和美信息,21500
342,深圳,Python开发工程师,看到科技,12500
343,深圳,Python开发工程师,数池科技,16500
344,深圳,python开发工程师,数池科技,16500
345,深圳,高级Python工程师,OPPO,30000
346,深圳,Python服务器开发工程师,深圳市木能科技有限公司,11500
347,深圳,高级Python开发工程师:,深圳市木能科技有限公司,20000
348,深圳,python后台开发工程师,悦动,20000
349,深圳,python开发工程师,深圳市虚拟现实技术有限公司,17500
350,深圳,IEG-python后台开发工程师,腾讯,37500
351,深圳,Python工程师,弘量科技（深圳）有限公司,22500
352,深圳,python开发工程师,花信科技,20000
353,深圳,python高级开发工程师,深圳市比一比网络科技有限公司,20000
354,深圳,python开发工程师,深圳市比一比网络科技有限公司,20000
355,深圳,python开发工程师,埃克斯工业,22500
356,深圳,python测试工程师,上海中软华腾软件系统有限公司,12000
357,深圳,python开发工程师,翼果科技,11500
358,深圳,python开发工程师,点链科技,15000
359,深圳,python工程师,金顺福,27500
360,深圳,Python软件开发工程师,金蝶账无忧,16000
361,深圳,python运维开发工程师,51JOB-深圳车涯互动科技有限公司,17500
362,深圳,python工程师,寻找母星,20000
363,深圳,高级python开发工程师,优必选科技,25000
364,深圳,python开发工程师（量化开发）,Crypto.com,37500
365,深圳,Python开发工程师,卧安科技,15000
366,深圳,Python工程师,八爪鱼,18000
367,深圳,python高级开发工程师,深圳市比一比网络科技有限公司,20000
368,深圳,python开发工程师,兆日科技,15000
369,深圳,python开发工程师,商汤科技,30000
370,深圳,Python开发工程师,众禄基金,20000
371,深圳,python开发工程师,领星,27500
372,深圳,Python高级开发工程师（爬虫）,华运物流,15000
373,深圳,python后端工程师,素问智能,12500
374,深圳,Python / Golang后端工程师,Gekko Lab,24000
375,深圳,Python 后端工程师（实习）,Gekko Lab,5000
376,深圳,Python开发工程师,亚洲保理,12500
377,深圳,python高级开发工程师,车涯互动,19500
378,深圳,python后端开发工程师,Amber Group,30000
379,深圳,Python高级开发工程师,51JOB-深信服科技,22500
380,深圳,python开发工程师,万科物业,15000
381,深圳,python开发工程师,深圳市嘉鸿网络科技有限公司,16000
382,深圳,Python后端工程师,至优出行共享汽车,20000
383,深圳,python后端开发工程师,长亮科技,16500
384,深圳,Python开发工程师,橙智科技,6000
385,深圳,python开发工程师,上海易宝,18000
386,深圳,python开发工程师,信条智享,13500
387,深圳,python开发工程师,Each+,20000
388,深圳,python开发工程师,腾讯,30000
389,深圳,python开发工程师,海万科技,16000
390,深圳,Python开发工程师,浩海云科技,15000
391,深圳,Python开发工程师（大数据方向）,深圳市丰巢科技有限公司,20000
392,深圳,Python开发工程师,卧安科技,17500
393,深圳,python开发工程师,衍生投资,22500
394,深圳,python开发工程师,深圳趣晓网络科技有限公司,20000
395,深圳,python工程师,有品 PICOOC,17500
396,深圳,python开发工程师,立达信物联科技股份有限公司,17500
397,深圳,Python 后台研发工程师,影子科技,27500
398,深圳,监控系统开发工程师-Python&Go,腾讯,23000
399,深圳,python工程师,今日投资,12500
400,深圳,python后端开发工程师,火乐科技,22500
401,深圳,测试开发工程师,字节跳动,20000
402,深圳,测试开发工程师,字节跳动,30000
403,深圳,移动端App测试开发工程师,快手,30000
404,深圳,高级测试开发工程师-【快影】,快手,30000
405,深圳,基础平台测试开发工程师,Shopee,30000
406,深圳,测试开发工程师,Shopee,22500
407,深圳,测试开发工程师,AKULAKU,20000
408,深圳,测试开发工程师/自动化测试,无秘,30000
409,深圳,测试开发工程师,网新新思,12500
410,深圳,自动化测试开发工程师,动能无线,13000
411,深圳,自动化测试开发工程师,联龙博通,12000
412,深圳,测试开发工程师,爱美购,20000
413,深圳,测试开发工程师,无秘,30000
414,深圳,自动化测试开发工程师,武汉佰钧成技术有限责任公司,20000
415,深圳,测试开发工程师,十方融海集团,10500
416,深圳,测试开发工程师,海王星辰,10000
417,深圳,测试开发工程师,武汉佰钧成技术有限责任公司,20000
418,深圳,移动端App测试开发工程师,智象科技,12500
419,深圳,高级测试开发工程师-【快影】,微创软件,9500
420,深圳,基础平台测试开发工程师,乐信,30000
421,深圳,测试开发工程师,一页科技,10500
422,深圳,测试开发工程师,平安证券,22500
423,深圳,测试开发工程师/自动化测试,MINIEYE,11500
424,深圳,测试开发工程师,大头兄弟,17500
425,深圳,自动化测试开发工程师,申朴信息,15000
426,深圳,自动化测试开发工程师,数源通讯,22500
427,深圳,测试开发工程师,数源通讯,22500
428,深圳,测试开发工程师,深圳市晨北科技有限公司,22500
429,深圳,自动化测试开发工程师,大宇无限,14500
430,深圳,测试开发工程师,威尔视觉,20000
431,深圳,113164-资深测试开发工程师,平安科技,30000
432,深圳,自动化测试工程师,红茶移动,12500
433,深圳,测试开发工程师/自动化测试工程师/软件测试工程师,有芯电子,13000
434,深圳,自动化测试工程师,大展信息科技（深圳）有限公司,16500
435,深圳,测试开发工程师(J13010),货拉拉,30000
436,深圳,自动化测试工程师（中级）,松茂科技,12500
437,深圳,自动化测试工程师,博彦科技,9500
438,深圳,自动化测试工程师,捷顺科技股份,18000
439,深圳,测试开发工程师(J10361),传易,18000
440,深圳,测试开发工程师,字节跳动,30000
441,深圳,资深测试开发工程师—教育,字节跳动,30000
442,深圳,Shopee卖家平台测试开发工程师,Shopee,30000
443,深圳,测试开发工程师-数字银行,Shopee,30000
444,深圳,自动化测试工程师,武汉佰钧成技术有限责任公司,19000
445,深圳,车联网后台测试开发高级工程师,腾讯,30000
446,深圳,测试开发工程师（智能平台）,腾讯,40000
447,深圳,高级自动化测试工程师,枫叶软件,12500
448,深圳,高级自动化测试工程师,彩讯股份,13500
449,深圳,功能测试开发工程师（驻点）,彩讯股份,10000
450,深圳,KYY-测试开发工程师/高级工程师,顺丰科技有限公司,22500
451,深圳,SZH-测试开发工程师,顺丰科技有限公司,30000
452,深圳,自动化测试工程师,武汉佰钧成技术有限责任公司,11500
453,深圳,测试开发工程师（中级）,松茂科技,15000
454,深圳,自动化测试工程师,维恩贝特,13500
455,深圳,测试开发工程师-美业-深圳,有赞,25000
456,深圳,测试开发工程师（中级）,松茂科技,15000
457,深圳,自动化测试工程师,铱云科技-易订货,18000
458,深圳,自动化测试工程师,维恩贝特,13500
459,深圳,测试开发实习生,即构科技,5500
460,深圳,测试开发工程师(J13010),货拉拉,30000
461,深圳,资深测试开发工程师（深圳）,货拉拉,32500
462,深圳,测试开发工程师,德科信息,15500
463,深圳,自动化测试工程师,厦门唐普,14500
464,深圳,自动化测试工程师,万兴科技集团股份有限公司,20000
465,深圳,测试开发leader（深圳）,阅文集团,37500
466,深圳,C++测试开发工程师(J10051),华锐金融技术,15000
467,深圳,自动化测试工程师,商汤科技,22500
468,深圳,测试开发工程师（金蝶云苍穹）,金蝶,22500
469,深圳,自动化测试工程师,大展信息科技（深圳）有限公司,13000
470,深圳,自动化测试工程师,汇合,13000
471,深圳,自动化测试工程师,印孚瑟斯,14000
472,深圳,JAVA开发岗（测试开发方向）(006323),中信银行信用卡中心,25000
473,深圳,测试开发工程师,亿达信息,11000
474,深圳,测试开发实习生-广告系统（可转正）,字节跳动,6000
475,深圳,测试开发工程师-广告系统,字节跳动,37500
476,深圳,理财通测试开发工程师,腾讯,32500
477,深圳,自动化测试工程师（中级）,松茂科技,12500
478,深圳,车联网后台测试开发高级工程师（深圳）,腾讯,37500
479,深圳,测试开发工程师,深圳宝润兴业,12500
480,深圳,高级自动化测试工程师,武汉佰钧成技术有限责任公司,19000
481,深圳,测试开发工程师,云天励飞,16000
482,深圳,自动化测试工程师 (MJ000149),万兴科技集团股份有限公司,21500
483,深圳,KJC-后台开发工程师(测试开发),微众银行,20000
484,深圳,测试开发工程师,招银网络科技,30000
485,深圳,测试开发工程师,合生科技,15000
486,深圳,测试开发工程师,商汤科技,30000
487,深圳,自动化测试工程师,Crypto.com,27500
488,深圳,测试开发工程师,深圳无内科技有限公司,7500
489,深圳,测试开发工程师,海万科技,13000
490,深圳,测试开发工程师,钻木信息,11500
491,深圳,高级测试开发工程师 — 专项质量方向,字节跳动,30000
492,深圳,资深测试开发工程师 — 创新工具,字节跳动,37500
493,深圳,18425-跨境业务测试开发工程师（深圳）,腾讯,22500
494,深圳,高级测试开发工程师,创梦天地,37500
495,深圳,测试开发工程师（AI算法方向）,声扬科技,15000
496,深圳,测试开发专家,Lazada,30000
497,深圳,测试开发工程师,TCL,22500
498,深圳,测试开发工程师,TCL,22500
499,深圳,自动化测试开发工程师,联龙博通,10500
500,深圳,自动化测试工程师,福州捷科,12000
501,北京,高级测试开发工程师,水滴 WATERDROP INC,30000
502,北京,测试开发工程师,贝壳,37500
503,北京,测试开发工程师,贝壳,30000
504,北京,测试开发工程师,字节跳动,30000
505,北京,高级测试开发工程师,字节跳动,40000
506,北京,测试开发工程师,快手,37500
507,北京,资深测试开发工程师,跟谁学,28500
508,北京,资深测试开发工程师,跟谁学,32500
509,北京,测试开发工程师,快手,37500
510,北京,测试开发工程师,明翰,30000
511,北京,测试开发工程师,中科网安链,12500
512,北京,测试开发,伊澳科技,42500
513,北京,测试开发工程师,动视云科技,16000
514,北京,高级测试开发工程师,北大附中基础教育投资有限公司,15000
515,北京,高级测试开发工程师,希悦,15000
516,北京,高级测试开发工程师,网联,37500
517,北京,高级测试开发工程师,老虎集团,32500
518,北京,高级测试开发工程师,鲸鱼外教培优,22500
519,北京,测试开发工程师,Nox夜神,20000
520,北京,测试开发工程师,马上金融,22500
521,北京,测试开发工程师,玩加电竞,12000
522,北京,测试开发工程师,字节跳动,30000
523,北京,资深测试开发工程师,字节跳动,45000
524,北京,高级测试开发工程师,贝壳,30000
525,北京,资深测试开发工程师,贝壳,30000
526,北京,测试开发工程师,快手,37500
527,北京,测试开发专家,快手,37500
528,北京,资深测试开发工程师,跟谁学,45000
529,北京,资深测试开发（工具方向）,跟谁学,37500
530,北京,测试开发工程师,慧科讯业,25000
531,北京,测试开发工程师,顺丰同城科技,22500
532,北京,测试开发工程师,金山云,32500
533,北京,资深测试开发工程师,FreeWheel,40000
534,北京,测试开发工程师,金山云,32500
535,北京,测试开发工程师,睿帆科技,17500
536,北京,测试开发,睿帆科技,17500
537,北京,高级测试开发工程师,网联,37500
538,北京,测试开发工程师,广州方舟医药有限公司,22500
539,北京,高级测试开发工程师,北大附中基础教育投资有限公司,15000
540,北京,高级测试开发工程师,希悦,15000
541,北京,测试开发工程师,爱学习教育集团,27500
542,北京,测试开发工程师,东华,15000
543,北京,测试开发工程师,区块节点,17500
544,北京,测试开发工程师,小米,34500
545,北京,测试开发工程师,京东集团,25000
546,北京,测试开发工程师,唱吧-玩音乐，就上唱吧！,15000
547,北京,测试开发工程师,币世界,15000
548,北京,测试开发工程师,粉笔网,20000
549,北京,测试开发工程师,字节跳动,25000
550,北京,测试开发工程师,字节跳动,30000
551,北京,资深测试开发工程师,贝壳,32500
552,北京,测试开发工程师,贝壳,30000
553,北京,测试开发工程师-2021校招,跟谁学,15000
554,北京,测试开发工程师-【电商生态】,快手,30000
555,北京,音视频中台测试开发工程师,快手,30000
556,北京,资深测试开发工程师-【共享业务】,跟谁学,30000
557,北京,测试开发工程师,金山云,30000
558,北京,高级测试开发工程师,地坪线,40000
559,北京,测试开发工程师,Nox夜神,12500
560,北京,高级测试开发工程师,北京涛思数据科技有限公司,32500
561,北京,高级测试开发工程师,小米,20000
562,北京,测试开发工程师,北京新氧科技有限公司,32500
563,北京,测试开发工程师,ExceedData,15000
564,北京,测试开发工程师,龙湖集团,21500
565,北京,测试开发工程师,文德数慧,22500
566,北京,测试开发专家,水滴 WATERDROP INC,40000
567,北京,高级测试开发工程师,小米,30000
568,北京,高级测试开发工程师,网易,22500
569,北京,测试开发工程师,字节跳动,37500
570,北京,测试开发工程师,贝壳,30000
571,北京,资深测试开发工程师,贝壳,32500
572,北京,测试开发工程师,字节跳动,30000
573,北京,短视频测试开发工程师,快手,30000
574,北京,高级测试开发工程师-【HLG】,快手,30000
575,北京,高级测试开发工程师【用户增长】,跟谁学,30000
576,北京,测试开发工程师,跟谁学,40000
577,北京,高级测试开发工程师,滴滴,37500
578,北京,测试开发工程师,本木医疗,20000
579,北京,测试开发工程师,酷克数据,37500
580,北京,测试开发工程师,易车公司,24000
581,北京,测试开发工程师,火花思维,27500
582,北京,测试开发工程师,武汉佰钧成技术有限责任公司,16500
583,北京,测试开发工程师,循环智能,25000
584,北京,高级测试开发工程师,阳光产险信保事业部,27000
585,北京,测试开发工程师,蓝信移动（北京）科技有限公司,20000
586,北京,测试开发工程师,兰宇,30000
587,北京,测试开发工程师,小红书,32500
588,北京,高级测试开发工程师,北京领格卓越科技有限公司,22500
589,北京,测试开发工程师,字节跳动,30000
590,北京,测试开发工程师,字节跳动,22500
591,北京,资深测试开发工程师,贝壳,27500
592,北京,测试开发实习生-【HLG】,快手,5000
593,北京,测试开发工程师（交易平台）,贝壳,32500
594,北京,测试开发工程师,快手,30000
595,北京,资深测试开发工程师,跟谁学,35000
596,北京,测试开发工程师,皓略教育科技有限公司,42500
597,北京,测试开发工程师,微创软件,13000
598,北京,资深测试开发工程师,网联,65000
599,北京,高级测试开发工程师,安居客,20000
600,北京,测试开发工程师,欧思其软件,20000
601,广州,测试开发工程师,点云科技,22500
602,广州,高级测试开发工程师,广州科瑞迪,13500
603,广州,高级测试开发工程师,太平洋网络有限公司,15000
604,广州,自动化测试,CLPS,14000
605,广州,测试开发工程师,微革网络,20000
606,广州,测试开发工程师,京信通信,8000
607,广州,测试开发工程师,兼职猫,10500
608,广州,高级测试开发工程师,奥思网络,25000
609,广州,测试开发工程师,摩航时代,9500
610,广州,高级测试开发工程师,摩航时代,14000
611,广州,高级测试开发工程师,虎牙科技,37500
612,广州,测试开发工程师,多益网络,15000
613,广州,资深测试开发工程师,网易,20000
614,广州,性能测试/自动化测试,CLPS,15500
615,广州,高级自动化测试工程师,建顺信息,12500
616,广州,测试开发高级工程师（广州）,腾讯,22500
617,广州,高级自动化测试工程师,微革网络,17500
618,广州,企业微信测试开发工程师,腾讯,30000
619,广州,自动化测试工程师,慧博云通,20500
620,广州,SPBU-测试开发工程师,酷狗音乐,18000
621,广州,自动化测试工程师,猎游信息,11500
622,广州,自动化测试工程师,爱拍科技,11500
623,广州,自动化测试,上海中软华腾软件系统有限公司,14000
624,广州,资深测试开发工程师,Fordeal,25000
625,广州,测试开发工程师-2021届校招,趣丸,12000
626,广州,中级自动化测试工程师,掌动智能,11500
627,广州,高级测试开发工程师,Arts Alliance Media（中国）,18000
628,广州,自动化测试,联通（广东）产业互联网...,17000
629,广州,测试开发工程师,花生日记,20000
630,广州,高级测试开发工程师,乐摇摇,19500
631,广州,自动化测试工程师,CLPS,17500
632,广州,高级自动化测试工程师,CLPS,20000
633,广州,测试开发工程师,赞同科技,10000
634,广州,测试开发工程师,建信金科,20000
635,广州,自动化测试工程师,Altran （亚创）,13500
636,广州,高级测试开发工程师 (MJ000654),欢聚集团（JOYY Inc.）,27500
637,广州,测试开发工程师 (MJ002397),欢聚集团（JOYY Inc.）,22500
638,广州,测试开发工程师,广发银行,22500
639,广州,测试开发高级/资深工程师,小鹏汽车,30000
640,广州,自动驾驶仿真测试开发工程师/高级工程师/资深工程师,小鹏汽车,20000
641,广州,测试开发工程师,广州市果肉教育科技有限公司,15000
642,广州,测试开发工程师,SHOPLINE,16000
643,广州,资深软件测试/测试开发-CC直播,网易,35000
644,广州,测试开发工程师,广东三维家信息科技有限公司,15000
645,广州,自动化测试工程师-英语有要求,软通,21000
646,广州,自动化测试工程师,广东紫晶,9500
647,广州,测试开发工程师,美的IoT,17500
648,广州,测试开发工程师,广东三维家信息科技有限公司,18000
649,广州,测试开发工程师,金山办公软件,15000
650,广州,自动化测试工程师,诺特软件开发,12000
651,广州,测试开发工程师,征安智能,7000
652,广州,测试开发专家,阿里云,32500
653,广州,自动化测试,言某信息,3000
654,广州,测试开发工程师,广州博纳,9000
655,广州,测试开发工程师,网易,27500
656,广州,测试开发工程师,金山办公软件,20000
657,广州,测试开发工程师,创酷互动,13500
658,广州,高级测试开发工程师,阿里文娱,22500
659,广州,自动化测试,Altran （亚创）,19500
660,广州,自动化测试工程师,广东紫晶,9500
661,广州,测试开发工程师,都灵源链,6000
662,广州,自动化测试（体育西）,德惟科技,9500
663,广州,测试开发工程师（广州）,广发证券,35000
664,广州,自动化测试工程师,法本信息,17500
665,广州,自动化测试工程师,深圳雁联技术,11000
666,广州,高级软件测试开发工程师,美云智数,14500
667,广州,自动化测试实习生,言某信息,2500
668,广州,测试开发（2021届校招）,创酷互动,9000
669,广州,自动化测试工程师,青木科技,25000
670,广州,测试开发实习生,佳都科技,3000
671,广州,性能测试开发工程师,有用分期武汉运营中心,30000
672,广州,高级自动化测试工程师,极点三维,15500
673,广州,自动化测试工程师（外资金融银行业）,广州市绿蕃茄软件科技有限公司,12500
674,广州,阿里巴巴融媒体发展事业部-测试开发工程师-广州,阿里文娱,22500
675,广州,自动化测试 (MJ000118),光娱游戏,17500
676,广州,测试开发负责人,美的IoT,45000
677,广州,JAVA测试开发,宏志信息,11500
678,广州,服务端高级测试开发工程师,滴滴,20500
679,广州,自动化测试工程师,CLPS,15500
680,广州,自动化测试工程师,CLPS,20000
681,广州,测试开发工程师,网易,20000
682,广州,自动化测试工程师,CLPS,16500
683,广州,自动化测试工程师,金山办公软件,18500
684,广州,AI算法工程师-（游戏测试开发方向）,网易,25000
685,广州,自动化测试工程师,Altran （亚创）,18500
686,广州,游戏测试/测试开发工程师,网易,14000
687,广州,测试开发工程师（工具研发方向）,网易,20000
688,广州,测试开发工程师-YC,网易,22500
689,广州,游戏测试开发工程师（2021实习-广杭沪）,网易,7500
690,广州,游戏测试开发工程师,网易,17500
691,广州,自动驾驶仿真测试开发工程师,小鹏汽车,15000
692,广州,自动驾驶仿真测试开发工程师,小鹏汽车,15000
693,广州,自动驾驶仿真测试开发工程师,小鹏汽车,15000
694,广州,自动驾驶仿真测试开发工程师,小鹏汽车,15000
695,广州,自动驾驶仿真测试开发工程师,小鹏汽车,15000
696,广州,自动驾驶仿真测试开发工程师,小鹏汽车,15000
697,广州,自动驾驶仿真测试开发工程师,小鹏汽车,15000
698,广州,自动驾驶仿真测试开发工程师,小鹏汽车,15000
699,广州,自动驾驶仿真测试开发工程师,小鹏汽车,15000
700,广州,自动驾驶仿真测试开发工程师,小鹏汽车,15000
701,上海,测试开发工程师,字节跳动,24000
702,上海,高级测试开发工程师,贝壳,25000
703,上海,资深测试开发工程师,字节跳动,42500
704,上海,资深测试开发工程师,贝壳,37500
705,上海,测试开发工程师,DeNA China,19000
706,上海,资深测试开发工程师（上海）,酷家乐,25000
707,上海,测试开发工程师,轻轻教育,14000
708,上海,测试开发工程师,阜坤信息,8000
709,上海,测试开发,微盟,50000
710,上海,测试开发工程师,PPIO,22500
711,上海,高级测试开发工程师,欢动科技,13500
712,上海,测试开发工程师,收钱吧,18000
713,上海,测试开发工程师,平安金服,30000
714,上海,自动化测试工程师,途虎养车网,13500
715,上海,测试开发专家,长投学堂,30000
716,上海,高级/资深测试开发工程师,酷家乐,24000
717,上海,高级测试开发工程师,携程集团,27500
718,上海,测试开发工程师,CLPS,15000
719,上海,测试开发主管,上海鹰角网络,32500
720,上海,测试开发工程师,诺互汽车,10000
721,上海,资深测试开发工程师,哔哩哔哩,30000
722,上海,测试开发工程师,联盟智能社区,35000
723,上海,测试开发工程师,联盟智能社区,32500
724,上海,自动化测试,瞬联软件科技（北京）有限公司,14000
725,上海,测试开发工程师,耀乘健康,22500
726,上海,测试开发工程师,微创软件,14500
727,上海,测试开发工程师,微创软件,19000
728,上海,测试开发工程师,竹间智能科技(上海)有限公司,30000
729,上海,自动化测试工程师-虹口区,网达软件,14500
730,上海,测试开发工程师,擎创EOI,20000
731,上海,测试开发工程师,小红书,32500
732,上海,测试开发工程师,点对点科技,16000
733,上海,高级测试开发工程师,阅文集团,24000
734,上海,测试开发工程师,阅文集团,22500
735,上海,测试开发工程师,诺互汽车,10000
736,上海,测试开发工程师,Soul,20000
737,上海,0931BC-测试开发工程师,平安健康保险,20000
738,上海,资深测试开发工程师,乐言科技,30000
739,上海,测试开发专家,蚂蚁金服,30000
740,上海,到店技术-测试开发工程师-上海服务端,美团点评,30000
741,上海,到店技术-测试开发工程师-上海,美团点评,30000
742,上海,高级测试开发工程师,快仓智能仓储,25000
743,上海,测试开发工程师 (MJ000166),Soul,30000
744,上海,自动化测试工程师,CLPS,20000
745,上海,自动化测试工程师,坤亿科技,20000
746,上海,自动化测试工程师,高仙机器人,25000
747,上海,测试开发工程师SH,通联数据,13500
748,上海,25310X-测试开发工程师,陆金所,19500
749,上海,测试开发工程师/专家,蚂蚁集团,37500
750,上海,测试开发工程师高级,沃点网络,24000
751,上海,自动化测试工程师,奥解思,17500
752,上海,自动化测试工程师,沃点网络,12500
753,上海,自动化测试工程师,奥解思,16000
754,上海,自动化测试专家,NIO蔚来,40000
755,上海,测试开发工程师(性能方向),Student.com,27500
756,上海,测试开发leader(J13011),货拉拉,45000
757,上海,自动化测试工程师,云简,14000
758,上海,资深自动化测试,合阔信息,25000
759,上海,资深白盒测试开发工程师,泰为,32500
760,上海,自动化测试工程师(J11680),TapTap,20000
761,上海,测试开发工程师(J11776),TapTap,27500
762,上海,高级游戏测试开发,哔哩哔哩,27500
763,上海,自动化测试工程师,51JOB,14000
764,上海,测试开发工程师2021届,通联数据,11500
765,上海,高级测试开发工程师 (MJ001033),贝壳金服,30000
766,上海,车载多媒体测试开发实习生,NIO蔚来,4500
767,上海,自动化测试工程师,Altran （亚创）,10000
768,上海,自动化测试工程师,普元,12500
769,上海,测试开发工程师（校园招聘）,微盟,18500
770,上海,测试开发工程师,Runx跑先体育传媒,15000
771,上海,高级测试开发工程师(J21095),携程集团,20000
772,上海,高级测试开发工程师,特赞|Tezign,30000
773,上海,测试开发工程师,中通快递,27500
774,上海,测试开发工程师 (MJ000212),上海米哈游,30000
775,上海,自动化测试,爱可生,15000
776,上海,自动化测试工程师,51JOB-上海唐乾文化传播有限公司,12500
777,上海,高级测试开发工程师（工具平台）,VIP陪练,22500
778,上海,测试开发工程师（业务线）,VIP陪练,20000
779,上海,资深测试开发工程师,品览Pinlan,30000
780,上海,测试开发工程师,宜家,25000
781,上海,测试开发工程师,京东集团,30000
782,上海,测试开发工程师(web/app/server),安居客,22500
783,上海,高级自动化测试工程师,格尔软件,20000
784,上海,自动化测试工程师,格尔软件,14000
785,上海,高级自动化测试工程师,快仓智能仓储,20000
786,上海,自动化测试工程师,华住酒店集团,17500
787,上海,自动化测试工程师,华住酒店集团,14000
788,上海,高级测试开发（高级/负责人）,数闰信息,32500
789,上海,测试开发工程师,ZILLIZ,40000
790,上海,测试开发专家,ZILLIZ,40000
791,上海,高级测试开发工程师,契约锁,17500
792,上海,测试开发专家,蚂蚁金服,50500
793,上海,测试开发工程师,上海寸心创意科技有限公司,18500
794,上海,测试开发工程师,基煜基金,22500
795,上海,测试开发专家,维信金科,30000
796,上海,测试开发工程师,盛付通,15000
797,上海,资深软件测试工程师-自动化测试,趋动科技,27500
798,上海,自动化测试,舟恩信息,14000
799,上海,测试开发专家,哈啰出行,40000
800,上海,测试开发专家,阿里口碑,30000
